target,condition,metric,condition_mean,baseline,delta,ci_low,ci_high,p,d
logic,no_prediction,first_task_success_tick,9.815,prediction_disabled_current,0.04,-0.658423,0.738423,0.910623,0.007937
logic,no_prediction,task_completion_rate,0.53,prediction_disabled_current,0.0,-0.053812,0.053812,1.0,0.0
logic,no_prediction,contradictions,1.0,prediction_disabled_current,-0.09,-0.193219,0.013219,0.087453,-0.120844
logic,no_prediction,reward,2.8888,prediction_disabled_current,0.00665,-0.22431,0.23761,0.954996,0.00399
logic,no_prediction,invalid_actions,1.615,prediction_disabled_current,-0.06,-0.183992,0.063992,0.342903,-0.067065
logic,no_prediction,final_energy,136.9763,prediction_disabled_current,-3.30585,-4.620985,-1.990715,1e-06,-0.348381
logic,no_prediction,prediction_error,0.311087,prediction_disabled_current,-0.093101,-0.124077,-0.062125,0.0,-0.416552
logic,no_prediction,transfer_uses,24.98,prediction_disabled_current,0.53,-0.11841,1.17841,0.109139,0.113284
logic,no_prediction,transfer_strength,31.42289,prediction_disabled_current,-0.818647,-2.874129,1.236835,0.435026,-0.055198
logic,no_prediction,transfer_precision,0.850054,prediction_disabled_current,0.007976,-0.001913,0.017865,0.113916,0.111782
logic,no_prediction,hazard_steps,0.0,prediction_disabled_current,0.0,0.0,0.0,1.0,0.0
logic,prediction_k0_w025,first_task_success_tick,9.345,prediction_disabled_current,-0.43,-0.707363,-0.152637,0.002377,-0.214862
logic,prediction_k0_w025,task_completion_rate,0.58,prediction_disabled_current,0.05,0.016683,0.083317,0.003267,0.207992
logic,prediction_k0_w025,contradictions,1.085,prediction_disabled_current,-0.005,-0.045502,0.035502,0.808808,-0.017109
logic,prediction_k0_w025,reward,3.0974,prediction_disabled_current,0.21525,0.076542,0.353958,0.002354,0.215072
logic,prediction_k0_w025,invalid_actions,1.695,prediction_disabled_current,0.02,-0.023849,0.063849,0.371334,0.063214
logic,prediction_k0_w025,final_energy,140.0284,prediction_disabled_current,-0.25375,-0.540448,0.032948,0.082785,-0.122665
logic,prediction_k0_w025,prediction_error,0.432149,prediction_disabled_current,0.027961,0.012611,0.043312,0.000357,0.25245
logic,prediction_k0_w025,transfer_uses,24.665,prediction_disabled_current,0.215,0.061612,0.368388,0.006009,0.194262
logic,prediction_k0_w025,transfer_strength,33.017937,prediction_disabled_current,0.7764,0.12031,1.432489,0.020373,0.164007
logic,prediction_k0_w025,transfer_precision,0.84156,prediction_disabled_current,-0.000518,-0.004108,0.003071,0.777172,-0.020012
logic,prediction_k0_w025,hazard_steps,0.0,prediction_disabled_current,0.0,0.0,0.0,1.0,0.0
logic,prediction_k3_w025,first_task_success_tick,9.355,prediction_disabled_current,-0.42,-0.695215,-0.144785,0.00278,-0.211504
logic,prediction_k3_w025,task_completion_rate,0.58,prediction_disabled_current,0.05,0.016683,0.083317,0.003267,0.207992
logic,prediction_k3_w025,contradictions,1.08,prediction_disabled_current,-0.01,-0.051659,0.031659,0.638008,-0.033268
logic,prediction_k3_w025,reward,3.09705,prediction_disabled_current,0.2149,0.076185,0.353615,0.002394,0.214711
logic,prediction_k3_w025,invalid_actions,1.69,prediction_disabled_current,0.015,-0.029974,0.059974,0.513295,0.046225
logic,prediction_k3_w025,final_energy,140.03505,prediction_disabled_current,-0.2471,-0.533766,0.039566,0.091127,-0.119464
logic,prediction_k3_w025,prediction_error,0.431627,prediction_disabled_current,0.027439,0.012093,0.042784,0.000458,0.247806
logic,prediction_k3_w025,transfer_uses,24.66,prediction_disabled_current,0.21,0.057424,0.362576,0.006983,0.190755
logic,prediction_k3_w025,transfer_strength,32.997937,prediction_disabled_current,0.7564,0.107174,1.405625,0.022398,0.161472
logic,prediction_k3_w025,transfer_precision,0.842298,prediction_disabled_current,0.00022,-0.003323,0.003763,0.903235,0.008597
logic,prediction_k3_w025,hazard_steps,0.0,prediction_disabled_current,0.0,0.0,0.0,1.0,0.0
logic,prediction_k5_w025,first_task_success_tick,9.51,prediction_disabled_current,-0.265,-0.47639,-0.05361,0.014007,-0.173741
logic,prediction_k5_w025,task_completion_rate,0.575,prediction_disabled_current,0.045,0.013021,0.076979,0.005815,0.195024
logic,prediction_k5_w025,contradictions,1.1,prediction_disabled_current,0.01,-0.017753,0.037753,0.480051,0.049937
logic,prediction_k5_w025,reward,3.07415,prediction_disabled_current,0.192,0.05965,0.32435,0.004464,0.201057
logic,prediction_k5_w025,invalid_actions,1.7,prediction_disabled_current,0.025,-0.017683,0.067683,0.250973,0.081175
logic,prediction_k5_w025,final_energy,140.01765,prediction_disabled_current,-0.2645,-0.548837,0.019837,0.068264,-0.128924
logic,prediction_k5_w025,prediction_error,0.428069,prediction_disabled_current,0.023881,0.009673,0.038088,0.000986,0.232956
logic,prediction_k5_w025,transfer_uses,24.595,prediction_disabled_current,0.145,0.012899,0.277101,0.031446,0.152125
logic,prediction_k5_w025,transfer_strength,32.660554,prediction_disabled_current,0.419017,-0.117996,0.956029,0.126181,0.10814
logic,prediction_k5_w025,transfer_precision,0.842662,prediction_disabled_current,0.000584,-0.002687,0.003855,0.726423,0.024741
logic,prediction_k5_w025,hazard_steps,0.0,prediction_disabled_current,0.0,0.0,0.0,1.0,0.0
logic,prediction_k10_w025,first_task_success_tick,9.66,prediction_disabled_current,-0.115,-0.254064,0.024064,0.105053,-0.11461
logic,prediction_k10_w025,task_completion_rate,0.57,prediction_disabled_current,0.04,0.009433,0.070567,0.010322,0.181363
logic,prediction_k10_w025,contradictions,1.095,prediction_disabled_current,0.005,-0.016957,0.026957,0.655368,0.031559
logic,prediction_k10_w025,reward,3.0589,prediction_disabled_current,0.17675,0.050661,0.302839,0.006005,0.194278
logic,prediction_k10_w025,invalid_actions,1.68,prediction_disabled_current,0.005,-0.024466,0.034466,0.739443,0.023518
logic,prediction_k10_w025,final_energy,140.0324,prediction_disabled_current,-0.24975,-0.531104,0.031604,0.081887,-0.123025
logic,prediction_k10_w025,prediction_error,0.423954,prediction_disabled_current,0.019766,0.007091,0.032441,0.002239,0.216131
logic,prediction_k10_w025,transfer_uses,24.53,prediction_disabled_current,0.08,-0.004924,0.164924,0.064842,0.130556
logic,prediction_k10_w025,transfer_strength,32.279146,prediction_disabled_current,0.037608,-0.323692,0.398909,0.838339,0.014426
logic,prediction_k10_w025,transfer_precision,0.843113,prediction_disabled_current,0.001035,-0.00155,0.00362,0.432651,0.055484
logic,prediction_k10_w025,hazard_steps,0.0,prediction_disabled_current,0.0,0.0,0.0,1.0,0.0
logic,prediction_k3_w05,first_task_success_tick,8.445,prediction_disabled_current,-1.33,-1.759169,-0.900831,0.0,-0.429501
logic,prediction_k3_w05,task_completion_rate,0.685,prediction_disabled_current,0.155,0.104717,0.205283,0.0,0.427218
logic,prediction_k3_w05,contradictions,1.075,prediction_disabled_current,-0.015,-0.062071,0.032071,0.532241,-0.044165
logic,prediction_k3_w05,reward,3.53165,prediction_disabled_current,0.6495,0.440435,0.858565,0.0,0.430564
logic,prediction_k3_w05,invalid_actions,1.695,prediction_disabled_current,0.02,-0.030019,0.070019,0.433212,0.055416
logic,prediction_k3_w05,final_energy,140.13965,prediction_disabled_current,-0.1425,-0.486092,0.201092,0.416285,-0.057479
logic,prediction_k3_w05,prediction_error,0.485779,prediction_disabled_current,0.081591,0.057169,0.106013,0.0,0.463024
logic,prediction_k3_w05,transfer_uses,25.18,prediction_disabled_current,0.73,0.465024,0.994976,0.0,0.381818
logic,prediction_k3_w05,transfer_strength,35.204574,prediction_disabled_current,2.963037,1.914431,4.011643,0.0,0.391621
logic,prediction_k3_w05,transfer_precision,0.841269,prediction_disabled_current,-0.00081,-0.005036,0.003417,0.707344,-0.026547
logic,prediction_k3_w05,hazard_steps,0.0,prediction_disabled_current,0.0,0.0,0.0,1.0,0.0
logic,prediction_k5_w05,first_task_success_tick,8.575,prediction_disabled_current,-1.2,-1.59421,-0.80579,0.0,-0.421886
logic,prediction_k5_w05,task_completion_rate,0.68,prediction_disabled_current,0.15,0.100388,0.199612,0.0,0.419032
logic,prediction_k5_w05,contradictions,1.095,prediction_disabled_current,0.005,-0.030416,0.040416,0.782004,0.019566
logic,prediction_k5_w05,reward,3.50935,prediction_disabled_current,0.6272,0.421189,0.833211,0.0,0.421945
logic,prediction_k5_w05,invalid_actions,1.7,prediction_disabled_current,0.025,-0.024,0.074,0.317311,0.070711
logic,prediction_k5_w05,final_energy,140.12085,prediction_disabled_current,-0.1613,-0.502741,0.180141,0.354486,-0.065473
logic,prediction_k5_w05,prediction_error,0.483841,prediction_disabled_current,0.079653,0.055469,0.103837,0.0,0.456474
logic,prediction_k5_w05,transfer_uses,25.11,prediction_disabled_current,0.66,0.411673,0.908327,0.0,0.36835
logic,prediction_k5_w05,transfer_strength,34.883207,prediction_disabled_current,2.641669,1.670854,3.612485,0.0,0.377123
logic,prediction_k5_w05,transfer_precision,0.842486,prediction_disabled_current,0.000408,-0.003783,0.004599,0.848635,0.013496
logic,prediction_k5_w05,hazard_steps,0.0,prediction_disabled_current,0.0,0.0,0.0,1.0,0.0
logic,prediction_k10_w05,first_task_success_tick,9.29,prediction_disabled_current,-0.485,-0.687767,-0.282233,3e-06,-0.331502
logic,prediction_k10_w05,task_completion_rate,0.65,prediction_disabled_current,0.12,0.07276,0.16724,1e-06,0.352058
logic,prediction_k10_w05,contradictions,1.1,prediction_disabled_current,0.01,-0.021037,0.041037,0.527711,0.044654
logic,prediction_k10_w05,reward,3.39045,prediction_disabled_current,0.5083,0.314116,0.702484,0.0,0.362784
logic,prediction_k10_w05,invalid_actions,1.69,prediction_disabled_current,0.015,-0.020362,0.050362,0.405743,0.058789
logic,prediction_k10_w05,final_energy,140.08945,prediction_disabled_current,-0.1927,-0.524743,0.139343,0.255338,-0.080432
logic,prediction_k10_w05,prediction_error,0.463019,prediction_disabled_current,0.058831,0.038191,0.07947,0.0,0.395042
logic,prediction_k10_w05,transfer_uses,24.71,prediction_disabled_current,0.26,0.114782,0.405218,0.00045,0.248138
logic,prediction_k10_w05,transfer_strength,33.071593,prediction_disabled_current,0.830056,0.334157,1.325955,0.001036,0.231983
logic,prediction_k10_w05,transfer_precision,0.842943,prediction_disabled_current,0.000865,-0.002187,0.003918,0.578409,0.039295
logic,prediction_k10_w05,hazard_steps,0.0,prediction_disabled_current,0.0,0.0,0.0,1.0,0.0
rules,no_prediction,first_task_success_tick,6.515,prediction_disabled_current,-0.35,-1.057609,0.357609,0.332315,-0.068551
rules,no_prediction,task_completion_rate,0.815,prediction_disabled_current,0.01,-0.03811,0.05811,0.683717,0.028807
rules,no_prediction,contradictions,1.53,prediction_disabled_current,-0.29,-0.459365,-0.120635,0.000791,-0.237309
rules,no_prediction,reward,3.6397,prediction_disabled_current,0.0597,-0.136564,0.255964,0.551044,0.042157
rules,no_prediction,invalid_actions,1.53,prediction_disabled_current,-0.29,-0.459365,-0.120635,0.000791,-0.237309
rules,no_prediction,final_energy,134.2547,prediction_disabled_current,-2.5288,-3.966379,-1.091221,0.000565,-0.243794
rules,no_prediction,prediction_error,0.548647,prediction_disabled_current,-0.296274,-0.348284,-0.244264,0.0,-0.789493
rules,no_prediction,transfer_uses,27.59,prediction_disabled_current,2.95,2.145013,3.754987,0.0,0.507895
rules,no_prediction,transfer_strength,30.464065,prediction_disabled_current,3.244526,1.212639,5.276412,0.00175,0.221306
rules,no_prediction,transfer_precision,0.896593,prediction_disabled_current,0.018542,0.007197,0.029887,0.001358,0.226514
rules,no_prediction,hazard_steps,0.0,prediction_disabled_current,0.0,0.0,0.0,1.0,0.0
rules,prediction_k0_w025,first_task_success_tick,6.84,prediction_disabled_current,-0.025,-0.108869,0.058869,0.559058,-0.041312
rules,prediction_k0_w025,task_completion_rate,0.805,prediction_disabled_current,0.0,0.0,0.0,1.0,0.0
rules,prediction_k0_w025,contradictions,1.81,prediction_disabled_current,-0.01,-0.023824,0.003824,0.156255,-0.100252
rules,prediction_k0_w025,reward,3.5856,prediction_disabled_current,0.0056,0.003449,0.007751,0.0,0.360844
rules,prediction_k0_w025,invalid_actions,1.81,prediction_disabled_current,-0.01,-0.023824,0.003824,0.156255,-0.100252
rules,prediction_k0_w025,final_energy,136.4146,prediction_disabled_current,-0.3689,-0.627619,-0.110181,0.005195,-0.197616
rules,prediction_k0_w025,prediction_error,0.849845,prediction_disabled_current,0.004924,0.001088,0.00876,0.01187,0.177907
rules,prediction_k0_w025,transfer_uses,24.715,prediction_disabled_current,0.075,-0.008292,0.158292,0.077585,0.124795
rules,prediction_k0_w025,transfer_strength,27.152304,prediction_disabled_current,-0.067235,-0.312785,0.178315,0.591492,-0.037949
rules,prediction_k0_w025,transfer_precision,0.878857,prediction_disabled_current,0.000806,-0.000569,0.002182,0.250605,0.081238
rules,prediction_k0_w025,hazard_steps,0.0,prediction_disabled_current,0.0,0.0,0.0,1.0,0.0
rules,prediction_k3_w025,first_task_success_tick,6.84,prediction_disabled_current,-0.025,-0.108869,0.058869,0.559058,-0.041312
rules,prediction_k3_w025,task_completion_rate,0.805,prediction_disabled_current,0.0,0.0,0.0,1.0,0.0
rules,prediction_k3_w025,contradictions,1.81,prediction_disabled_current,-0.01,-0.023824,0.003824,0.156255,-0.100252
rules,prediction_k3_w025,reward,3.5856,prediction_disabled_current,0.0056,0.003449,0.007751,0.0,0.360844
rules,prediction_k3_w025,invalid_actions,1.81,prediction_disabled_current,-0.01,-0.023824,0.003824,0.156255,-0.100252
rules,prediction_k3_w025,final_energy,136.4146,prediction_disabled_current,-0.3689,-0.627619,-0.110181,0.005195,-0.197616
rules,prediction_k3_w025,prediction_error,0.849845,prediction_disabled_current,0.004924,0.001088,0.00876,0.01187,0.177907
rules,prediction_k3_w025,transfer_uses,24.715,prediction_disabled_current,0.075,-0.008292,0.158292,0.077585,0.124795
rules,prediction_k3_w025,transfer_strength,27.152304,prediction_disabled_current,-0.067235,-0.312785,0.178315,0.591492,-0.037949
rules,prediction_k3_w025,transfer_precision,0.878857,prediction_disabled_current,0.000806,-0.000569,0.002182,0.250605,0.081238
rules,prediction_k3_w025,hazard_steps,0.0,prediction_disabled_current,0.0,0.0,0.0,1.0,0.0
rules,prediction_k5_w025,first_task_success_tick,6.84,prediction_disabled_current,-0.025,-0.108869,0.058869,0.559058,-0.041312
rules,prediction_k5_w025,task_completion_rate,0.805,prediction_disabled_current,0.0,0.0,0.0,1.0,0.0
rules,prediction_k5_w025,contradictions,1.81,prediction_disabled_current,-0.01,-0.023824,0.003824,0.156255,-0.100252
rules,prediction_k5_w025,reward,3.5856,prediction_disabled_current,0.0056,0.003449,0.007751,0.0,0.360844
rules,prediction_k5_w025,invalid_actions,1.81,prediction_disabled_current,-0.01,-0.023824,0.003824,0.156255,-0.100252
rules,prediction_k5_w025,final_energy,136.4146,prediction_disabled_current,-0.3689,-0.627619,-0.110181,0.005195,-0.197616
rules,prediction_k5_w025,prediction_error,0.849845,prediction_disabled_current,0.004924,0.001088,0.00876,0.01187,0.177907
rules,prediction_k5_w025,transfer_uses,24.715,prediction_disabled_current,0.075,-0.008292,0.158292,0.077585,0.124795
rules,prediction_k5_w025,transfer_strength,27.152304,prediction_disabled_current,-0.067235,-0.312785,0.178315,0.591492,-0.037949
rules,prediction_k5_w025,transfer_precision,0.878857,prediction_disabled_current,0.000806,-0.000569,0.002182,0.250605,0.081238
rules,prediction_k5_w025,hazard_steps,0.0,prediction_disabled_current,0.0,0.0,0.0,1.0,0.0
rules,prediction_k10_w025,first_task_success_tick,6.84,prediction_disabled_current,-0.025,-0.108869,0.058869,0.559058,-0.041312
rules,prediction_k10_w025,task_completion_rate,0.805,prediction_disabled_current,0.0,0.0,0.0,1.0,0.0
rules,prediction_k10_w025,contradictions,1.81,prediction_disabled_current,-0.01,-0.023824,0.003824,0.156255,-0.100252
rules,prediction_k10_w025,reward,3.58365,prediction_disabled_current,0.00365,0.001689,0.005611,0.000264,0.257979
rules,prediction_k10_w025,invalid_actions,1.81,prediction_disabled_current,-0.01,-0.023824,0.003824,0.156255,-0.100252
rules,prediction_k10_w025,final_energy,136.42565,prediction_disabled_current,-0.35785,-0.616291,-0.099409,0.00665,-0.191902
rules,prediction_k10_w025,prediction_error,0.848274,prediction_disabled_current,0.003353,-0.000394,0.0071,0.079422,0.12403
rules,prediction_k10_w025,transfer_uses,24.715,prediction_disabled_current,0.075,-0.008292,0.158292,0.077585,0.124795
rules,prediction_k10_w025,transfer_strength,27.152304,prediction_disabled_current,-0.067235,-0.312785,0.178315,0.591492,-0.037949
rules,prediction_k10_w025,transfer_precision,0.878968,prediction_disabled_current,0.000917,-0.000439,0.002274,0.185061,0.093715
rules,prediction_k10_w025,hazard_steps,0.0,prediction_disabled_current,0.0,0.0,0.0,1.0,0.0
rules,prediction_k3_w05,first_task_success_tick,6.845,prediction_disabled_current,-0.02,-0.106724,0.066724,0.651263,-0.031962
rules,prediction_k3_w05,task_completion_rate,0.805,prediction_disabled_current,0.0,0.0,0.0,1.0,0.0
rules,prediction_k3_w05,contradictions,1.815,prediction_disabled_current,-0.005,-0.043044,0.033044,0.796719,-0.018215
rules,prediction_k3_w05,reward,3.593,prediction_disabled_current,0.013,0.010324,0.015676,0.0,0.673237
rules,prediction_k3_w05,invalid_actions,1.815,prediction_disabled_current,-0.005,-0.043044,0.033044,0.796719,-0.018215
rules,prediction_k3_w05,final_energy,136.11,prediction_disabled_current,-0.6735,-1.001346,-0.345654,5.7e-05,-0.284714
rules,prediction_k3_w05,prediction_error,0.857745,prediction_disabled_current,0.012824,0.008403,0.017246,0.0,0.402003
rules,prediction_k3_w05,transfer_uses,24.725,prediction_disabled_current,0.085,-0.071441,0.241441,0.286904,0.075302
rules,prediction_k3_w05,transfer_strength,27.059892,prediction_disabled_current,-0.159647,-0.427091,0.107797,0.242003,-0.082731
rules,prediction_k3_w05,transfer_precision,0.878756,prediction_disabled_current,0.000705,-0.002469,0.003879,0.663339,0.030781
rules,prediction_k3_w05,hazard_steps,0.0,prediction_disabled_current,0.0,0.0,0.0,1.0,0.0
rules,prediction_k5_w05,first_task_success_tick,6.845,prediction_disabled_current,-0.02,-0.106724,0.066724,0.651263,-0.031962
rules,prediction_k5_w05,task_completion_rate,0.805,prediction_disabled_current,0.0,0.0,0.0,1.0,0.0
rules,prediction_k5_w05,contradictions,1.815,prediction_disabled_current,-0.005,-0.043044,0.033044,0.796719,-0.018215
rules,prediction_k5_w05,reward,3.593,prediction_disabled_current,0.013,0.010324,0.015676,0.0,0.673237
rules,prediction_k5_w05,invalid_actions,1.815,prediction_disabled_current,-0.005,-0.043044,0.033044,0.796719,-0.018215
rules,prediction_k5_w05,final_energy,136.11,prediction_disabled_current,-0.6735,-1.001346,-0.345654,5.7e-05,-0.284714
rules,prediction_k5_w05,prediction_error,0.857745,prediction_disabled_current,0.012824,0.008403,0.017246,0.0,0.402003
rules,prediction_k5_w05,transfer_uses,24.725,prediction_disabled_current,0.085,-0.071441,0.241441,0.286904,0.075302
rules,prediction_k5_w05,transfer_strength,27.059892,prediction_disabled_current,-0.159647,-0.427091,0.107797,0.242003,-0.082731
rules,prediction_k5_w05,transfer_precision,0.878756,prediction_disabled_current,0.000705,-0.002469,0.003879,0.663339,0.030781
rules,prediction_k5_w05,hazard_steps,0.0,prediction_disabled_current,0.0,0.0,0.0,1.0,0.0
rules,prediction_k10_w05,first_task_success_tick,6.84,prediction_disabled_current,-0.025,-0.108869,0.058869,0.559058,-0.041312
rules,prediction_k10_w05,task_completion_rate,0.805,prediction_disabled_current,0.0,0.0,0.0,1.0,0.0
rules,prediction_k10_w05,contradictions,1.81,prediction_disabled_current,-0.01,-0.023824,0.003824,0.156255,-0.100252
rules,prediction_k10_w05,reward,3.58995,prediction_disabled_current,0.00995,0.007428,0.012472,0.0,0.546775
rules,prediction_k10_w05,invalid_actions,1.81,prediction_disabled_current,-0.01,-0.023824,0.003824,0.156255,-0.100252
rules,prediction_k10_w05,final_energy,136.17645,prediction_disabled_current,-0.60705,-0.918418,-0.295682,0.000133,-0.270204
rules,prediction_k10_w05,prediction_error,0.855387,prediction_disabled_current,0.010466,0.006087,0.014846,3e-06,0.331221
rules,prediction_k10_w05,transfer_uses,24.72,prediction_disabled_current,0.08,-0.00378,0.16378,0.061267,0.13234
rules,prediction_k10_w05,transfer_strength,27.077693,prediction_disabled_current,-0.141846,-0.396799,0.113106,0.275505,-0.077108
rules,prediction_k10_w05,transfer_precision,0.878642,prediction_disabled_current,0.000591,-0.000883,0.002065,0.43213,0.055547
rules,prediction_k10_w05,hazard_steps,0.0,prediction_disabled_current,0.0,0.0,0.0,1.0,0.0
hazard,no_prediction,first_task_success_tick,10.57,prediction_disabled_current,-0.13,-0.854134,0.594134,0.724937,-0.024881
hazard,no_prediction,task_completion_rate,0.6,prediction_disabled_current,0.025,-0.036256,0.086256,0.423757,0.056563
hazard,no_prediction,contradictions,0.42,prediction_disabled_current,-0.06,-0.128968,0.008968,0.08817,-0.120571
hazard,no_prediction,reward,4.338,prediction_disabled_current,0.18245,-0.19898,0.56388,0.348486,0.066293
hazard,no_prediction,invalid_actions,0.42,prediction_disabled_current,-0.06,-0.128968,0.008968,0.08817,-0.120571
hazard,no_prediction,final_energy,139.749,prediction_disabled_current,-3.08705,-4.502013,-1.672087,1.9e-05,-0.302371
hazard,no_prediction,prediction_error,0.3732,prediction_disabled_current,-0.096247,-0.138798,-0.053697,9e-06,-0.313492
hazard,no_prediction,transfer_uses,26.27,prediction_disabled_current,0.835,0.104037,1.565963,0.025158,0.158319
hazard,no_prediction,transfer_strength,60.079495,prediction_disabled_current,1.895466,-1.805987,5.59692,0.315528,0.070972
hazard,no_prediction,transfer_precision,0.971637,prediction_disabled_current,0.003315,-0.001266,0.007895,0.156099,0.10029
hazard,no_prediction,hazard_steps,0.42,prediction_disabled_current,-0.06,-0.128968,0.008968,0.08817,-0.120571
hazard,prediction_k0_w025,first_task_success_tick,10.96,prediction_disabled_current,0.26,-0.04732,0.56732,0.097276,0.117253
hazard,prediction_k0_w025,task_completion_rate,0.555,prediction_disabled_current,-0.02,-0.043904,0.003904,0.101031,-0.115957
hazard,prediction_k0_w025,contradictions,0.485,prediction_disabled_current,0.005,-0.020984,0.030984,0.70606,0.026669
hazard,prediction_k0_w025,reward,4.0367,prediction_disabled_current,-0.11885,-0.284622,0.046922,0.159955,-0.099364
hazard,prediction_k0_w025,invalid_actions,0.485,prediction_disabled_current,0.005,-0.020984,0.030984,0.70606,0.026669
hazard,prediction_k0_w025,final_energy,142.3307,prediction_disabled_current,-0.50535,-0.89114,-0.11956,0.010246,-0.181544
hazard,prediction_k0_w025,prediction_error,0.465366,prediction_disabled_current,-0.004081,-0.021519,0.013356,0.646409,-0.032439
hazard,prediction_k0_w025,transfer_uses,25.41,prediction_disabled_current,-0.025,-0.212666,0.162666,0.794014,-0.018463
hazard,prediction_k0_w025,transfer_strength,57.040527,prediction_disabled_current,-1.143502,-2.754128,0.467125,0.16406,-0.098397
hazard,prediction_k0_w025,transfer_precision,0.967572,prediction_disabled_current,-0.00075,-0.002543,0.001043,0.412355,-0.057965
hazard,prediction_k0_w025,hazard_steps,0.485,prediction_disabled_current,0.005,-0.020984,0.030984,0.70606,0.026669
hazard,prediction_k3_w025,first_task_success_tick,10.96,prediction_disabled_current,0.26,-0.04732,0.56732,0.097276,0.117253
hazard,prediction_k3_w025,task_completion_rate,0.555,prediction_disabled_current,-0.02,-0.043904,0.003904,0.101031,-0.115957
hazard,prediction_k3_w025,contradictions,0.485,prediction_disabled_current,0.005,-0.020984,0.030984,0.70606,0.026669
hazard,prediction_k3_w025,reward,4.0373,prediction_disabled_current,-0.11825,-0.284026,0.047526,0.162085,-0.09886
hazard,prediction_k3_w025,invalid_actions,0.485,prediction_disabled_current,0.005,-0.020984,0.030984,0.70606,0.026669
hazard,prediction_k3_w025,final_energy,142.3313,prediction_disabled_current,-0.50475,-0.890554,-0.118946,0.010339,-0.181322
hazard,prediction_k3_w025,prediction_error,0.465366,prediction_disabled_current,-0.004081,-0.021519,0.013356,0.646409,-0.032439
hazard,prediction_k3_w025,transfer_uses,25.41,prediction_disabled_current,-0.025,-0.212666,0.162666,0.794014,-0.018463
hazard,prediction_k3_w025,transfer_strength,57.040527,prediction_disabled_current,-1.143502,-2.754128,0.467125,0.16406,-0.098397
hazard,prediction_k3_w025,transfer_precision,0.967572,prediction_disabled_current,-0.00075,-0.002543,0.001043,0.412355,-0.057965
hazard,prediction_k3_w025,hazard_steps,0.485,prediction_disabled_current,0.005,-0.020984,0.030984,0.70606,0.026669
hazard,prediction_k5_w025,first_task_success_tick,10.96,prediction_disabled_current,0.26,-0.04732,0.56732,0.097276,0.117253
hazard,prediction_k5_w025,task_completion_rate,0.555,prediction_disabled_current,-0.02,-0.043904,0.003904,0.101031,-0.115957
hazard,prediction_k5_w025,contradictions,0.485,prediction_disabled_current,0.005,-0.020984,0.030984,0.70606,0.026669
hazard,prediction_k5_w025,reward,4.034,prediction_disabled_current,-0.12155,-0.287153,0.044053,0.150261,-0.101725
hazard,prediction_k5_w025,invalid_actions,0.485,prediction_disabled_current,0.005,-0.020984,0.030984,0.70606,0.026669
hazard,prediction_k5_w025,final_energy,142.328,prediction_disabled_current,-0.50805,-0.893716,-0.122384,0.009824,-0.182573
hazard,prediction_k5_w025,prediction_error,0.464576,prediction_disabled_current,-0.004871,-0.022249,0.012507,0.582724,-0.038849
hazard,prediction_k5_w025,transfer_uses,25.44,prediction_disabled_current,0.005,-0.173201,0.183201,0.956143,0.003889
hazard,prediction_k5_w025,transfer_strength,57.075181,prediction_disabled_current,-1.108848,-2.718503,0.500807,0.176955,-0.095473
hazard,prediction_k5_w025,transfer_precision,0.967572,prediction_disabled_current,-0.00075,-0.002543,0.001043,0.412355,-0.057965
hazard,prediction_k5_w025,hazard_steps,0.485,prediction_disabled_current,0.005,-0.020984,0.030984,0.70606,0.026669
hazard,prediction_k10_w025,first_task_success_tick,10.96,prediction_disabled_current,0.26,-0.04732,0.56732,0.097276,0.117253
hazard,prediction_k10_w025,task_completion_rate,0.555,prediction_disabled_current,-0.02,-0.043904,0.003904,0.101031,-0.115957
hazard,prediction_k10_w025,contradictions,0.48,prediction_disabled_current,0.0,-0.024065,0.024065,1.0,0.0
hazard,prediction_k10_w025,reward,4.032,prediction_disabled_current,-0.12355,-0.289077,0.041977,0.143482,-0.103446
hazard,prediction_k10_w025,invalid_actions,0.48,prediction_disabled_current,0.0,-0.024065,0.024065,1.0,0.0
hazard,prediction_k10_w025,final_energy,142.341,prediction_disabled_current,-0.49505,-0.880196,-0.109904,0.011759,-0.178142
hazard,prediction_k10_w025,prediction_error,0.463767,prediction_disabled_current,-0.00568,-0.023002,0.011641,0.520399,-0.045448
hazard,prediction_k10_w025,transfer_uses,25.425,prediction_disabled_current,-0.01,-0.185742,0.165742,0.911198,-0.007886
hazard,prediction_k10_w025,transfer_strength,57.118925,prediction_disabled_current,-1.065104,-2.673033,0.542825,0.194178,-0.091805
hazard,prediction_k10_w025,transfer_precision,0.967906,prediction_disabled_current,-0.000417,-0.002088,0.001255,0.625152,-0.034547
hazard,prediction_k10_w025,hazard_steps,0.48,prediction_disabled_current,0.0,-0.024065,0.024065,1.0,0.0
hazard,prediction_k3_w05,first_task_success_tick,11.04,prediction_disabled_current,0.34,0.039605,0.640395,0.026527,0.156866
hazard,prediction_k3_w05,task_completion_rate,0.555,prediction_disabled_current,-0.02,-0.043904,0.003904,0.101031,-0.115957
hazard,prediction_k3_w05,contradictions,0.47,prediction_disabled_current,-0.01,-0.041037,0.021037,0.527711,-0.044654
hazard,prediction_k3_w05,reward,4.0454,prediction_disabled_current,-0.11015,-0.276488,0.056188,0.194314,-0.091777
hazard,prediction_k3_w05,invalid_actions,0.47,prediction_disabled_current,-0.01,-0.041037,0.021037,0.527711,-0.044654
hazard,prediction_k3_w05,final_energy,142.1389,prediction_disabled_current,-0.69715,-1.14067,-0.25363,0.002064,-0.217848
hazard,prediction_k3_w05,prediction_error,0.465443,prediction_disabled_current,-0.004005,-0.021792,0.013783,0.659015,-0.031203
hazard,prediction_k3_w05,transfer_uses,25.345,prediction_disabled_current,-0.09,-0.292868,0.112868,0.384556,-0.061485
hazard,prediction_k3_w05,transfer_strength,56.230104,prediction_disabled_current,-1.953925,-3.640422,-0.267429,0.023159,-0.16057
hazard,prediction_k3_w05,transfer_precision,0.96879,prediction_disabled_current,0.000468,-0.001587,0.002523,0.655345,0.031562
hazard,prediction_k3_w05,hazard_steps,0.47,prediction_disabled_current,-0.01,-0.041037,0.021037,0.527711,-0.044654
hazard,prediction_k5_w05,first_task_success_tick,11.04,prediction_disabled_current,0.34,0.039605,0.640395,0.026527,0.156866
hazard,prediction_k5_w05,task_completion_rate,0.555,prediction_disabled_current,-0.02,-0.043904,0.003904,0.101031,-0.115957
hazard,prediction_k5_w05,contradictions,0.47,prediction_disabled_current,-0.01,-0.041037,0.021037,0.527711,-0.044654
hazard,prediction_k5_w05,reward,4.0421,prediction_disabled_current,-0.11345,-0.279619,0.052719,0.180842,-0.094623
hazard,prediction_k5_w05,invalid_actions,0.47,prediction_disabled_current,-0.01,-0.041037,0.021037,0.527711,-0.044654
hazard,prediction_k5_w05,final_energy,142.1356,prediction_disabled_current,-0.70045,-1.143822,-0.257078,0.001959,-0.218952
hazard,prediction_k5_w05,prediction_error,0.464602,prediction_disabled_current,-0.004845,-0.022573,0.012883,0.592195,-0.037877
hazard,prediction_k5_w05,transfer_uses,25.375,prediction_disabled_current,-0.06,-0.254338,0.134338,0.545092,-0.042789
hazard,prediction_k5_w05,transfer_strength,56.264757,prediction_disabled_current,-1.919272,-3.605161,-0.233382,0.025659,-0.157779
hazard,prediction_k5_w05,transfer_precision,0.96879,prediction_disabled_current,0.000468,-0.001587,0.002523,0.655345,0.031562
hazard,prediction_k5_w05,hazard_steps,0.47,prediction_disabled_current,-0.01,-0.041037,0.021037,0.527711,-0.044654
hazard,prediction_k10_w05,first_task_success_tick,11.03,prediction_disabled_current,0.33,0.02178,0.63822,0.035861,0.148386
hazard,prediction_k10_w05,task_completion_rate,0.555,prediction_disabled_current,-0.02,-0.043904,0.003904,0.101031,-0.115957
hazard,prediction_k10_w05,contradictions,0.475,prediction_disabled_current,-0.005,-0.040416,0.030416,0.782004,-0.019566
hazard,prediction_k10_w05,reward,4.02955,prediction_disabled_current,-0.126,-0.291643,0.039643,0.135982,-0.105424
hazard,prediction_k10_w05,invalid_actions,0.475,prediction_disabled_current,-0.005,-0.040416,0.030416,0.782004,-0.019566
hazard,prediction_k10_w05,final_energy,142.14005,prediction_disabled_current,-0.696,-1.144566,-0.247434,0.002357,-0.215042
hazard,prediction_k10_w05,prediction_error,0.464097,prediction_disabled_current,-0.00535,-0.02376,0.01306,0.568964,-0.040275
hazard,prediction_k10_w05,transfer_uses,25.345,prediction_disabled_current,-0.09,-0.271789,0.091789,0.33187,-0.068614
hazard,prediction_k10_w05,transfer_strength,56.318416,prediction_disabled_current,-1.865613,-3.51265,-0.218577,0.026411,-0.156985
hazard,prediction_k10_w05,transfer_precision,0.968374,prediction_disabled_current,5.1e-05,-0.002303,0.002405,0.965939,0.00302
hazard,prediction_k10_w05,hazard_steps,0.475,prediction_disabled_current,-0.005,-0.040416,0.030416,0.782004,-0.019566
